Domain Name,Status,Expiration Date,Auto-renew,Lock
9thstreet.in,Active,2020-10-30,Off,Locked
ACADEMICSCONFERENCE.COM,Active,2021-02-25,Off,Locked
academicsera.com,Active,2020-11-19,Off,Locked
academicsgallery.com,Active,2020-10-17,Off,Locked
academicspedia.com,Active,2020-10-05,Off,Locked
ACADEMICSWORLD.ORG,Active,2020-11-04,Off,Locked
allconferencealert.co,Active,2020-12-27,Off,Locked
ALLCONFERENCEALERT.CO.IN,Cust Redeem Hold,2020-09-03,Off,Locked
allconferencealert.in,Active,2020-12-27,Off,Locked
allconferenceseries.com,Active,2021-02-01,Off,Locked
alltimefitness.co,Active,2020-11-21,Off,Locked
arsss.org,Active,2021-03-12,Off,Locked
ASAR.ORG.IN,Active,2021-03-23,Off,Locked
bigdataresearchforum.com,Active,2021-09-08,Off,Locked
biofora.org,Active,2020-11-21,Off,Locked
BOOKALLCONFERENCE.COM,Active,2021-11-04,Off,Locked
bookallticket.com,Active,2020-11-21,Off,Locked
CONFERENCEALERT.CO,Active,2021-06-17,Off,Locked
CONFERENCEALERT.CO.IN,Active,2020-11-05,Off,Locked
conferencealert.com,Active,2026-03-10,Off,Locked
conferencealert.in,Active,2021-02-07,Off,Locked
CONFERENCEALERT.INFO,Active,2021-06-27,Off,Locked
CONFERENCEALERT.ORG.IN,Active,2021-07-17,Off,Locked
CONFERENCEALERTS.INFO,Active,2021-07-24,Off,Locked
conferencealerts.io,Deleted - Redeemable,2020-07-16,Off,Locked
conferencealerts.mobi,Deleted - Redeemable,2020-07-16,Off,Locked
CONFERENCEALERTS.NET,Active,2021-04-13,Off,Locked
conferencealerts.org,Active,2021-02-14,Off,Locked
conferenceally.com,Active,2020-11-21,Off,Locked
conferencefora.org,Active,2021-07-16,Off,Locked
CONFERENCEGALLERY.COM,Active,2021-04-24,Off,Locked
conferenceindia.net,Active,2020-12-02,Off,Locked
conferenceineurope.org,Active,2020-12-27,Off,Locked
conferencemalaysia.com,Active,2020-12-31,Off,Locked
conferencenews.org,Active,2021-06-08,On,Locked
conferenceonline.net,Active,2021-04-21,Off,Locked
conferencepay.com,Active,2021-07-15,Off,Locked
diabetesworld.net,Active,2021-09-08,Off,Locked
digitalxplore.org,Active,2021-05-19,Off,Locked
doionline.org,Active,2021-03-08,Off,Locked
eliqour.com,Active,2021-05-28,Off,Locked
eurasiaweb.com,Active,2021-07-15,Off,Locked
FREECONFERENCEALERTS.COM,Active,2021-02-04,Off,Locked
gsrd.co,Active,2020-12-28,Off,Locked
iacmsr.com,Active,2020-09-12,Off,Locked
IASTEM.ORG,Active,2021-01-27,Off,Locked
icmcece.com,Active,2020-12-27,Off,Locked
icrahms.com,Active,2020-12-27,Off,Locked
icraset.com,Active,2020-12-27,Off,Locked
icssabe.com,Active,2020-12-27,Off,Locked
icstem.org,Active,2021-02-03,Off,Locked
ictlm.org,Active,2020-12-27,Off,Locked
IEEECONFERENCE.COM,Active,2021-09-19,Off,Locked
iferp.org,Active,2021-01-25,Off,Locked
igrnet.org,Active,2021-09-12,Off,Locked
iierd.com,Active,2021-08-30,Off,Locked
IISTEM.ORG,Active,2021-04-07,Off,Locked
IITR.ORG.IN,Active,2020-12-07,Off,Locked
ijacen.com,Active,2021-10-05,Off,Locked
ijaseat.com,Active,2021-10-05,Off,Locked
ijeedc.com,Active,2021-10-05,Off,Locked
IJIEEE.ORG.IN,Active,2020-11-10,Off,Locked
ijmpejournal.com,Active,2021-10-05,Off,Locked
inderscience.org,Active,2021-06-08,On,Locked
IRAJ.IN,Active,2021-02-27,Off,Locked
IRFCONFERENCE.ORG,Active,2020-12-05,Off,Locked
irfsr.com,Active,2021-02-03,Off,Locked
ISER.CO,Active,2020-11-03,Off,Locked
ISERD.CO,Active,2021-01-12,Off,Locked
ISETE.ORG,Active,2021-01-24,Off,Locked
issrd.org,Active,2020-11-10,Off,Locked
ITRESEARCH.CO.IN,Active,2021-02-19,Off,Locked
ITRESEARCH.ORG.IN,Active,2021-09-06,Off,Locked
itrgroup.net,Active,2021-07-15,Off,Locked
JIFACTOR.ORG,Active,2020-10-31,Off,Locked
jmasjournal.com,Active,2020-10-05,Off,Locked
meetingfora.com,Active,2021-04-10,Off,Locked
meetingsbrite.com,Active,2020-11-21,Off,Locked
mosahara.com,Active,2021-03-30,Off,Locked
mosahara.org,Active,2021-03-30,Off,Locked
NATIONALCONFERENCE.ORG.IN,Active,2020-12-06,Off,Locked
NATIONALCONFERENCES.ORG,Active,2021-05-07,Off,Locked
nccc.org.in,Active,2021-01-07,Off,Locked
NEWCONFERENCEALERTS.COM,Active,2021-02-02,Off,Locked
onlineconferencealerts.com,Active,2022-05-27,On,Locked
PAPERSUBMIT.COM,Active,2021-01-07,Off,Locked
paymentnow.in,Active,2021-07-14,Off,Unlocked
researchconferences.in,Active,2020-12-02,Off,Locked
researchfora.com,Active,2021-07-24,Off,Locked
researchfora.org,Active,2021-07-25,Off,Locked
RESEARCHWORLD.ORG,Active,2021-09-09,Off,Locked
roboticsforum.org,Active,2021-09-08,Off,Locked
saard.org,Active,2021-04-03,Off,Locked
SARC.NET.IN,Active,2021-04-27,Off,Locked
sciencefora.com,Active,2021-01-25,Off,Locked
sciencefora.org,Active,2021-02-18,Off,Locked
scienceglobe.org,Active,2021-03-22,Off,Locked
SCIENCEPLUS.US,Active,2020-11-06,Off,Locked
SEMINARALERTS.COM,Active,2021-06-27,Off,Locked
TECHNOARETE.COM,Active,2020-10-24,Off,Locked
theconferenceworld.org,Active,2021-05-17,Off,Locked
THEIIER.ORG,Active,2021-08-13,Off,Locked
THEIRES.ORG,Active,2021-01-12,Off,Locked
thenaturepro.com,Active,2021-08-26,Off,Locked
universal-conference.com,Active,2021-08-27,Off,Locked
wcaset2020.com,Active,2020-09-12,Off,Locked
wcset.org,Active,2021-09-17,Off,Locked
WORLDRESEARCHLIBRARY.ORG,Active,2021-08-21,Off,Locked
worldresearchsociety.com,Active,2021-07-15,Off,Locked
wrfase.org,Active,2020-10-17,Off,Locked
wrfer.org,Active,2021-03-12,Off,Locked
wrfst.org,Active,2020-12-02,Off,Locked
yanjiuconference.com,Active,2021-09-12,Off,Locked
yatrabbsr.com,DNSInfo - Active,0001-01-01,Off,Unlocked
